<?xml version="1.0"?>
<ruleset name="ContentSyncFusion">
  <description>Coding Standards for Shopping feed plugin</description>

  <!-- Scan all files in directory -->
  <file>.</file>

  <!-- Scan only PHP files -->
  <arg name="extensions" value="php"/>

  <!-- Ignore Composer dependencies -->
  <exclude-pattern>assets/</exclude-pattern>
  <exclude-pattern>languages/</exclude-pattern>
  <exclude-pattern>public/js/</exclude-pattern>
  <exclude-pattern>vendor/</exclude-pattern>

  <!-- Show colors in console -->
  <arg value="-colors"/>

  <!-- Show sniff codes in all reports -->
  <arg value="ns"/>

  <!-- Show progress. -->
  <arg value="p"/>

  <!-- Set ini. -->
  <ini name="memory_limit" value="512M"/>
  <ini name="max_execution_time" value="-1"/>

  <!-- Use WordPress Extra as a base -->
  <rule ref="WordPress-Extra">
    <!-- Exclude as we use a custom autoloader. -->
    <exclude name="WordPress.Files.FileName"/>

    <!-- Exclude as it conflict with @var declaration. -->
    <exclude name="Squiz.PHP.CommentedOutCode"/>

    <!-- Exclude as we use custom naming for our class. -->
    <exclude name="WordPress.Files.FileName.InvalidClassFileName"/>

  </rule>
  <config name="minimum_supported_wp_version" value="5.2"/>

  <rule ref="WordPress.WP.I18n">
    <properties>
      <property name="text_domain" type="array">
        <element value="shopping-feed"/>
      </property>
    </properties>
  </rule>

  <rule ref="PHPCompatibility"/>
  <config name="testVersion" value="5.6-"/>

  <rule ref="WordPress.Security.ValidatedSanitizedInput">
    <properties>
      <property name="customSanitizingFunctions" type="array" value="wc_clean,wc_sanitize_tooltip,wc_format_decimal,wc_stock_amount,wc_sanitize_permalink,wc_sanitize_textarea" />
    </properties>
  </rule>

  <rule ref="WordPress.Security.EscapeOutput">
    <properties>
      <property name="customEscapingFunctions" type="array" value="wc_help_tip,wc_sanitize_tooltip,wc_selected,wc_kses_notice,wc_esc_json,wc_query_string_form_fields,wc_make_phone_clickable" />
    </properties>
  </rule>

</ruleset>
